﻿Nome;Altura(cm);Peso(Kg);Data;Atualização de peso (Kg);Idade(anos);Sexo;Treinos por semana;Calorias por treino (Kcal);Cardios por semana ;Calorias por cardio(Kcal);Biotipo;TMB;TMB calculada(Kcal);Calorias (Kcal);Carboidratos(g);Proteínas(g);Gorduras(g);Data
Eu;182;92;30/04/2021;93;18;M;6;500;0;300;Endo;-;1800;2200;200;184;74;29/04/2021
Marcos;174;53;19/04/2021;54,4;20;M;5;300;1;300;Ecto;-;2560;2660;440;106;53;29/04/2021
Wilson;179;82;20/04/2021;79,8;19;M;6;300;6;300;Endo;-;1993;2208;240;164;66;29/04/2021
Thiago;;;;;19;M;;;;;Endo;-;;;;;;
Eduarda;159;59,6;04/05/20021;;15;F;5;250;;;Endo;;1462;1540;157;120;48;04/05/20021
Barbara;166;59;01/04/2021;;21;F;5;250;3;250;Meso;-;1512;1854;239;118;47;01/04/2021
Diogo;179;99,5;06/04/2021;;31;M;6;300;3;300;Endo;-;2160;2546;256;200;80;
Jefferson;169;68;08/04/2021;;29;M;-;-;-;-;Ecto;-;2122;2122;272;136;54;08/04/2021
